lenovo,Остальное
asus,Остальное
acer,Остальное
hp,США
dell,США
samsung,Остальное
lg,Остальное
sony,Остальное
panasonic,Остальное
philips,Европа
toshiba,Остальное
msi,Остальное
apple,США
huawei,Остальное
xiaomi,Остальное
microsoft,США
alienware,США
gigabyte,Остальное
asus rog,Остальное
oppo,Остальное
vivo,Остальное
realme,Остальное
oneplus,Остальное
nokia,Европа
motorola,США
zte,Остальное
google,США
honor,Остальное
poco,Остальное
redmi,Остальное
iqoo,Остальное
nothing,Европа
fairphone,Европа
meizu,Остальное
tecno,Остальное
infinix,Остальное
alcatel,Остальное
tcl,Остальное
hisense,Остальное
sharp,Остальное
jvc,Остальное
sanyo,Остальное
pioneer,Остальное
bosch,Европа
siemens,Европа
electrolux,Европа
whirlpool,США
indesit,Европа
haier,Остальное
hotpoint-ariston,Европа
gorenje,Европа
beko,Европа
liebherr,Европа
vestfrost,Европа
miele,Европа
ardo,Европа
candy,Европа
zanussi,Европа
aeg,Европа
amica,Европа
vestel,Европа
dyson,Европа
karcher,Европа
thomas,Европа
rowenta,Европа
vax,Европа
hoover,США
nilfisk,Европа
daewoo,Остальное
moulinex,Европа
scarlett,Остальное
bbk,Остальное
supra,Остальное
midea,Остальное
galanz,Остальное
fagor,Европа
nord,Россия
nespresso,Европа
delonghi,Европа
krups,Европа
jura,Европа
saeco,Европа
melitta,Европа
tassimo,Европа
wmf,Европа
sage,Европа
breville,Остальное
jbl,США
sennheiser,Европа
bose,США
beats,США
logitech,Европа
razer,США
steelseries,США
hyperx,США
corsair,США
benq,Остальное
viewsonic,США
aoc,Остальное
домик в деревне,Россия
простоквашино,Россия
актуаль,Россия
белореченское,Россия
водный мир,Россия
веселый молочник,Россия
campina,Европа
parmalat,Европа
valio,Европа
president,Европа
bongrain,Европа
galbani,Европа
anchors,Остальное
чудо,Россия
агуша,Россия
фрутоняня,Россия
белый медведь,Россия
красный октябрь,Россия
купава,Россия
слобода,Россия
макфа,Россия
верес,Россия
ротенберг,Россия
свитлогорье,Россия
старопрага,Россия
самсон,Россия
бочков,Россия
Парнас,Россия
Царицыно,Россия
Черкизово,Россия
Останкино,Россия
Троекурово,Россия
Микоян,Россия
Индилайт,Россия
Тавро Вкуса,Россия
Петелинка,Россия
Агрикон,Россия
Продо,Россия
Приосколье,Россия
Мортадель,Россия
Велком,Россия
Каждый День,Россия
ВкусВилл,Россия
Мясновъ,Россия
Щедрая Страна,Россия
Атяшево,Россия
Дарья,Россия
Мясницкий Ряд,Россия
Сибагро,Россия
океан,Россия
салават,Россия
лобстер,Россия
амбар,Россия
махеевъ,Россия
господарь,Россия
золотая семечка,Россия
русская картошка,Россия
шпроты,Россия
камчатки,Россия
приморье,Россия
дальневосточный,Россия
сибирский,Россия
уральский,Россия
казанский,Россия
московский,Россия
питерский,Россия
волжский,Россия
донской,Россия
кубанский,Россия
крымский,Россия
башкирский,Россия
татарстан,Россия
нескафе,Европа
липтон,Европа
беседа,Россия
принцесса нури,Россия
nestle,Европа
kellogg's,США
heinz,США
kraft,США
danone,Европа
unilever,Европа
mars,США
cadbury,Европа
ferrero,Европа
lindt,Европа
milka,Европа
toblerone,Европа
lays,США
pringles,США
doritos,США
cheetos,США
mac coffee,Россия
jacobs,Европа
tchibo,Европа
lipton,Европа
twinings,Европа
ahmad tea,Европа
балтика,Россия
жигулевское,Россия
оболонское,Россия
Coca-Cola,США
Pepsi,США
Fanta,США
Sprite,США
Schweppes,Европа
Lipton,Европа
Nestea,Европа
Rich,Россия
Добрый,Россия
Я,Россия
Фанта,США
Тархун,Россия
Буратино,Россия
Фиеста,Россия
Aquafiner,Россия
BonAqua,США
Святой Источник,Россия
Evian,Европа
Perrier,Европа
Red Bull,Европа
Burn,Россия
Adrenaline Rush,Россия
Drive,Россия
Горячий ключ,Россия
Нести,Россия
Живчик,Россия
Никола,Россия
Моршинская,Россия
Российский,Россия
Голландский,Россия
Пошехонский,Россия
Гауда,Европа
Маасдам,Европа
Эдам,Европа
Ламбер,Россия
Валио,Европа
President,Европа
Parmalat,Европа
Galbani,Европа
Anchor,Остальное
Чабзер,Россия
Карат,Россия
Сыр Стар,Россия
Брест-Литовск,Россия
Каждый день,Россия
Лакомо,Россия
Простоквашино,Россия
Домик в деревне,Россия
Вкуснотеево,Россия
Сыробогатов,Россия
Комильфо,Россия
Алексеевское,Россия
Моцарелла,Россия
Чеддер,Европа
Бри,Европа
Камамбер,Европа
Дор Блю,Европа
Пит-Продукт,Россия
Клинский,Россия
Магнит,Россия
Дымов,Россия
Богатырь,Россия
Ясные Зори,Россия
Пава-Пава,Россия
Компромисс,Россия
Мясницкий ряд,Россия
Ударник,Россия
Омский бекон,Россия
Гурман,Россия
Activia,Европа
Danone,Европа
Erhman,Россия
Растишка,Россия
Чудо,Россия
Агуша,Россия
ФрутоНяня,Россия
Valio,Европа
Campina,Европа
Био Макс,Россия
Имунеле,Россия
Fruttis,Россия
Асеньевская Ферма,Россия
Ложканов,Россия
Живой йогурт,Россия
Юбилейное,Россия
Белогорье,Россия
Слодыч,Россия
Алёнка,Россия
К чаю,Россия
О'reo,США
Барни,Россия
Твикс,США
Причуда,Россия
Пряничный домик,Россия
Курабье,Россия
Рот Фронт,Россия
Большевик,Россия
Финн Крисп,Европа
Яшкино,Россия
Любятово,Россия
Щедрые,Россия
Alpen Gold,Европа
Милка,Европа
Дав,Россия
Воздушный,Россия
Россия-Щедрая Душа,Россия
Бабаевский,Россия
Красный Октябрь,Россия
Коммунарка,Россия
Победа,Россия
Вдохновение,Россия
Риттер Спорт,Европа
Линдт,Европа
Коркунов,Россия
Twix,США
Snickers,США
Bounty,США
Mars,США
Нестле,Европа
Nescafe,Европа
Jacobs,Европа
Jardin,Россия
Tchibo,Европа
Paulig,Европа
Ambassador,Россия
Lavazza,Европа
Bushido,Европа
Carte Noire,Европа
Egoiste,Россия
Московская кофейня,Россия
Жокей,Россия
Черная Карта,Россия
Арабика,Россия
Российский продукт,Россия
MacCoffee,Россия
Davidoff,Европа
Ahmad,Европа
Brooke Bond,Европа
Greenfield,Россия
Принцесса Нури,Россия
Ява,Россия
Майский,Россия
Беседа,Россия
Tess,Россия
Curtis,Россия
Richard,Россия
Матрешка,Россия
Фруктовый сад,Россия
Золотая чаша,Россия
Здравник,Россия
Иван-чай,Россия
Сапсан,Россия
Basilur,Остальное
IKEA,Европа
Шатура,Россия
Ангстрем,Россия
HOFF,Европа
Формула Мебели,Россия
Стокманн,Европа
Леруа Мерлен,Европа
Mr.Doors,Россия
Сваровски,Европа
Белый Кот,Россия
Гранд,Россия
Мебельмаркт,Россия
Соло,Россия
Мэлон,Россия
Феликс,Россия
Мария,Россия
Трия,Россия
Вестервиль,Россия
Кабриоль,Россия
Стиль Мебели,Россия
EGLO,Европа
Arper,Европа
Citilux,Европа
Maytoni,Европа
Novotech,Европа
Odeon Light,Россия
Lightstar,Россия
Favourite,Россия
Икеа,Европа
Gauss,Россия
Philips,Европа
Feron,Россия
Uniel,Россия
Camelion,Остальное
Jazzway,Россия
Эра,Россия
Световой,Россия
Ашан,Европа
Zara Home,Европа
H&M Home,Европа
Hoff,Европа
Гала-Центр,Россия
Твоё,Россия
Мир Декор,Россия
АртВитраж,Россия
Декория,Россия
Подсолнухи,Россия
Kähler,Европа
Alessi,Европа
Seletti,Европа
Richard Ginori,Европа
Весна,Россия
Pyrex,США
Цептер,Европа
Zepter,Европа
Tefal,Европа
Regent inox,Европа
Rondell,Европа
Gipfel,Европа
Kukmara,Россия
Amtel,Россия
Мир посуды,Россия
Базилико,Россия
Биол,Россия
Франте,Россия
Камбер,Россия
Метрот,Россия
Joseph Joseph,Европа
KitchenAid,США
Zyliss,Европа
ProfiCook,Европа
Bosch,Европа
Bravar,Европа
Bialetti,Европа
Вулкан,Россия
Молер,Россия
Нева Металл Посуда,Россия
Людмила,Россия
Домовой,Россия
Вихрь,Россия
Трапеза,Россия
Verossa,Россия
Home Stories,Европа
Duni,Европа
La Redoute,Европа
Home&You,Европа
Ткани-Опт,Россия
Бянька,Россия
Гарусс,Россия
ТДС,Россия
Снежная Королева,Россия
Постелька,Россия
Уют-М,Россия
Арт-Постель,Россия
Васса,Россия
Nike,США
Adidas,Европа
Puma,Европа
Reebok,Европа
New Balance,США
Asics,Остальное
Skechers,США
Converse,США
Vans,США
Fila,Европа
Salomon,Европа
Mizuno,Остальное
Under Armour,США
Jordan,США
Demix,Россия
Котофей,Россия
Сплав,Россия
Zenden,Россия
Columbia,США
The North Face,США
Oysho,Европа
H&M Sport,Европа
Decathlon,Европа
Champion,США
Lonsdale,Европа
Мастер Файбр,Россия
Kettler,Европа
Foreman,Россия
Proxima,Россия
DFC,Россия
Body Sculpture,Европа
Torneo,Россия
Спортмастер,Россия
Atemi,Россия
Brumer,Россия
GymX,Европа
House Fit,Европа
Sport Elite,Россия
Фитнес Прайд,Россия
Ray-Ban,США
Emporio Armani,Европа
Michael Kors,США
Guess,США
Fossil,США
Tommy Hilfiger,США
Swatch,Европа
Casio,Остальное
Longines,Европа
Pandora,Европа
Swarovski,Европа
Daniel Wellington,Европа
Skagen,Европа
Levi's,США
Zara,Европа
H&M,Европа
Colin's,Россия
Optimum Nutrition,США
Universal Nutrition,США
BSN,США
Dymatize,США
Weider,США
Prime Kraft,Россия
R-Line,Россия
GeneticLab,Россия
Pure Protein,США
Myprotein,Европа
СпортЭксперт,Россия
Фитпарад,Россия
Атлет,Россия
Геркулес,Россия
Культурист,Россия
БиоФит,Россия
New Era,США
Lacoste,Европа
Carhartt,США
O'STIN,Россия
Sela,Россия
Deuter,Европа
Osprey,США
Jack Wolfskin,Европа
Eastpak,США
JanSport,США
Herschel,Остальное
Kanken,Европа
Thule,Европа
Tucano,Европа
Timbuk2,США
Samsonite,США
Acme,Остальное
DerDieDas,Европа
Molten,Остальное
Wilson,США
Spalding,США
Select,Европа
Mikasa,Остальное
Uhlsport,Европа
Kappa,Европа
Penalty,Остальное
Diadora,Европа
Kelme,Европа
Lotto,Европа
Футболика,Россия
Starter,США
Franklin,США
Brine,США
Voit,США
Goal,Остальное
Master,Россия
Гарт,Россия
Зенит,Россия
Спартак,Россия
Stayer,Россия
Якорь,Россия
ЗСО,Россия
Valeo,Европа
Hampton,США
Bodymax,Европа
Cap Barbell,США
Power Systems,США
Rage Fitness,США
Hex,США
Hulk,Россия
Стальной Гриф,Россия
Силовик,Россия
Lululemon,Остальное
Liforme,Европа
Jade Yoga,США
Manuka,Остальное
Gaiam,США
Alo Yoga,США
Stott Pilates,Остальное
Hugger Mugger,США
Aurorae,США
YKM,Россия
Аэрофитнес,Россия
ЙогаМат,Россия
TopMat,Россия
ProYoga,Россия
Natural Fitness,США
ProIR,Россия
ScSP,Россия
Зенден,Россия
Грин,Россия
L'Oreal,Европа
Maybelline,США
Max Factor,США
Revlon,США
Bourjois,Европа
NYX,США
Art-Visage,Россия
Lumene,Европа
Deborah,Европа
Milani,США
Pupa,Европа
Vivienne Sabo,Европа
Barry M,Европа
Essence,Европа
Catrice,Европа
IsaDora,Европа
Faberlic,Россия
Oriflame,Европа
Avon,США
Yves Rocher,Европа
Eveline,Европа
Green Mama,Россия
Чистая Линия,Россия
Черный Жемчуг,Россия
Рецепты Бабушки Агафьи,Россия
Librederm,Россия
La Roche-Posay,Европа
Vichy,Европа
Bioderma,Европа
Avene,Европа
Clinique,США
Estee Lauder,США
Shiseido,Остальное
Clarins,Европа
Lancome,Европа
Helena Rubinstein,Европа
Guerlain,Европа
Dior,Европа
Chanel,Европа
YSL,Европа
Givenchy,Европа
Sisley,Европа
Urban Decay,США
Too Faced,США
Tarte,США
IT Cosmetics,США
Becca,США
Anastasia Beverly Hills,США
Huda Beauty,США
Jeffree Star,США
Kylie Cosmetics,США
MAC,США
Inglot,Европа
Zoeva,Европа
Yves Saint Laurent,Европа
Hermes,Европа
Prada,Европа
Versace,Европа
Dolce&Gabbana,Европа
Armani,Европа
Hugo Boss,Европа
Calvin Klein,США
Paco Rabanne,Европа
Mugler,Европа
Jean Paul Gaultier,Европа
Montale,Европа
Carolina Herrera,США
Tom Ford,США
Creed,Европа
Jo Malone,Европа
Byredo,Европа
Diptyque,Европа
Acqua di Parma,Европа
Bvlgari,Европа
Issey Miyake,Остальное
Nina Ricci,Европа
Salvador Dali,Европа
Burberry,Европа
Lalique,Европа
Natura Siberica,Россия
Зейтун,Россия
Франсуа Жиль,Россия
Мирра Люкс,Россия
Новая Заря,Россия
Красная Москва,Россия
Garnier,Европа
Nivea,Европа
CeraVe,США
Eucerin,Европа
Ducray,Европа
SVR,Европа
Sulwhasoo,Остальное
SK-II,Остальное
Kiehl's,США
The Ordinary,Остальное
Paula's Choice,США
Dr. Jart+,Остальное
Missha,Остальное
Innisfree,Остальное
LANEIGE,Остальное
Бархатные Ручки,Россия
Floresan,Россия
Planeta Organica,Россия
Organic Shop,Россия
Bielita,Россия
EVO,Россия
Matis,Европа
Christina,Россия
Filorga,Европа
Gemene,Россия
Meder Beauty,Европа
Biologique Recherche,Европа
Valmont,Европа
Swissline,Европа
Rimmel,Европа
Golden Rose,Остальное
Make Up Forever,Европа
Charlotte Tilbury,Европа
Pat McGrath Labs,США
NARS,Европа
Stila,США
Smashbox,США
Sephora Collection,Европа
Belarusian Cosmetics,Остальное
Head & Shoulders,США
Pantene,США
Schauma,Европа
Elseve,Европа
Herbal Essences,США
Clear,США
Gliss Kur,Европа
Tresemme,США
Wella,Европа
Syoss,Европа
Estel,Россия
Londa,Европа
Matrix,США
Schwarzkopf,Европа
Joico,США
Paul Mitchell,США
Redken,США
Living Proof,США
Kerastase,Европа
Aveda,США
John Frieda,США
Dove,США
Timotei,Европа
Aussie,США
Sunsilk,Европа
Davines,Европа
Keune,Европа
Kapous,Россия
Coco Choco,Россия
100 рецептов красоты,Россия
Биокон,Россия
Дракоша,Россия
Marc Daniels,Европа
Molton Brown,Европа
The Body Shop,Европа
Seva,Россия
Nizoral,США
Palmolive,США
Fa,Европа
L'Occitane,Европа
Rituals,Европа
Lush,Европа
Philosophy,США
Neutrogena,США
Sebamed,Европа
Saforelle,Европа
Sensilis,Европа
Lux,Европа
Carex,Европа
Sanex,Европа
Men Expert,Европа
Biore,Остальное
St. Ives,США
Jason,США
Dr. Bronner's,США
Mrs. Meyer's,США
Pond's,США
Black Pearl,Россия
Фитокосметик,Россия
Dr. Hauschka,Европа
Weleda,Европа
La Mer,США
Laneige,Остальное
Serge Lutens,Европа
Frederic Malle,Европа
Anna Sui,США
Moschino,Европа
Thierry Mugler,Европа
Victoria's Secret,США
Николь,Россия
Брокар,Россия
PAT McGRATH LABS,США
Lime Crime,США
Fenty Beauty,США
Mented Cosmetics,США
Black Opal,США
M-A-C,США
Lash Magnifier,Россия
Lego,Европа
Hasbro,США
Mattel,США
Fisher-Price,США
Play-Doh,США
Spin Master,Остальное
Barbie,США
Hot Wheels,США
Monopoly,США
Nerf,США
My Little Pony,США
Disney,США
Sylvanian Families,Остальное
Schleich,Европа
Paw Patrol,Остальное
Peppa Pig,Европа
Томик,Россия
Стеллар,Россия
Полесье,Россия
Бомик,Россия
Мякиши,Россия
Нордпласт,Россия
Алатойс,Россия
Звезда,Россия
Умка,Россия
МДИ,Россия
Quercetti,Европа
Ravensburger,Европа
Clementoni,Европа
BanBao,Остальное
Guoguang,Остальное
1 TOY,Остальное
Играем Вместе,Россия
Жирафики,Россия
Мульти-Пульти,Россия
Флексика,Россия
Голубая стрела,Россия
Кроха,Россия
Soft Toys,Россия
Hello Kitty,Остальное
Winx,Европа
Transformers,США
Marvel,США
Star Wars,США
DC Comics,США
Sanrio,Остальное
Calin,Европа
Simba,Европа
Bruder,Европа
Siku,Европа
Zara Kids,Европа
H&M Kids,Европа
Gap Kids,США
Uniqlo Kids,Остальное
Carter's,США
OshKosh B'gosh,США
Next Children,Европа
Reima,Европа
Kerry,Россия
Kiko Kids,Европа
Gulliver,Россия
Sova,Россия
Alphabet,Россия
Orby,Россия
Acoola,Россия
Топ-Топ,Россия
Жили-Были,Россия
Мальвина,Россия
Веселый Гном,Россия
Little Lady,Россия
Choupette,Европа
Mayoral,Европа
Mango Kids,Европа
Benetton Kids,Европа
Lassie,Европа
Replay Kids,Европа
Disney Baby,США
Levi's Kids,США
Nike Kids,США
Adidas Kids,Европа
Puma Kids,Европа
Nutrilon,Европа
NAN,Европа
Friso,Европа
Similac,США
Enfamil,США
Hipp,Европа
Gerber,США
Heinz,США
Bebivita,Европа
Fleur Alpine,Европа
Samper,Европа
Semilac,Европа
Тёма,Россия
Малютка,Россия
Беллакт,Остальное
Винни,Россия
Умница,Россия
HiPP Organic,Европа
Babylove,Европа
Neocate,Европа
Nestogen,Европа
Celia,Европа
Picot,Европа
Materna,Остальное
Humana,Европа
Plasmon,Европа
Bebi Premium,Европа
Морозко,Россия
Ясно Солнышко,Россия
Philips Avent,Европа
Chicco,Европа
Nuk,Европа
Dr.Brown's,США
Canpol babies,Европа
Lubby,Россия
Pigeon,Остальное
Tommee Tippee,Европа
MAM,Европа
BabyOno,Европа
Medela,Европа
Suavinex,Европа
Bibi,Европа
B.box,Остальное
Skip Hop,США
Playgro,Остальное
BabyBjorn,Европа
Baby Gear,Россия
Babyhood,Остальное
Bebek,Россия
Курносики,Россия
Солнышко,Россия
Лёля,Россия
Мир детства,Россия
Stokke,Европа
Babyzen,Европа
Cybex,Европа
Maclaren,Европа
Bugaboo,Европа
Hauck,Европа
Geoby,Остальное
Funny Baby,Россия
Smoby,Европа
Tiny Love,Остальное
Taf Toys,Остальное
Cotoons,Россия
Cuddle Cub,Остальное
Duplo,Европа
Mega Bloks,Остальное
Magformers,Остальное
Magnetiс Tiles,США
Matador,Европа
Geomag,Европа
Zoob,США
Bristle Blocks,Остальное
K'Nex,США
Meccano,Европа
Erector,США
Engino,Европа
Playmobil,Европа
Gigoblocks,Остальное
Sluban,Остальное
Cogo,Остальное
Oxford,Остальное
Robocar Poli,Остальное
Polly Pocket,США
Transformers Construct-Bots,США
Hasbro Kre-O,США
Best-Lock,Европа
Block Tech,Остальное
Cobi,Европа
REVELL,Европа
Roco,Европа
WeDo,Европа
Mindstorms,Европа
Jimu Robot,Остальное
UBTECH,Остальное
Makeblock,Остальное
Arduino,Европа
Raspberry Pi,Европа
4M,Остальное
Kids Labs,Остальное
Thames & Kosmos,Европа
Playmais,Европа
Wedgits,США
Zolo,Остальное
Plus-Plus,Европа
IQ Key,Остальное
Learning Resources,США
Bratz,США
Monster High,США
Winx Club,Европа
Enchantimals,США
LOL Surprise,США
Na Na Na Surprise,США
Moxie Girlz,США
Pullip,Остальное
Blythe,Остальное
American Girl,США
Madame Alexander,США
Melissa & Doug,США
Corolle,Европа
ChouChou,Европа
Zapf Creation,Европа
Anabelle,США
Baby Born,Европа
Baby Alive,США
Cry Babies,Европа
Miniland,Европа
Paola Reina,Европа
Luvley Family,Европа
Lalaloopsy,США
Disney Princesses,США
Ever After High,США
Descendants,США
Hatchimals,Остальное
Shopkins,США
Mooshka,Остальное
Trolls,США
Calico Critters,Остальное
LeapFrog,США
VTech,Остальное
Интерактивные куклы,Россия
Винкс,Европа
Маленькая Хозяюшка,Россия
Барби,США
Монстер Хай,США
Matchbox,США
Maisto,США
Bburago,Европа
Welly,Остальное
Disney Cars,США
Corgi,Европа
Tomica,Остальное
Johnny Lightning,США
Greenlight,США
Autobahn,Остальное
Jada Toys,США
New Bright,Остальное
Tomy,Остальное
LEGO City,Европа
Polistil,Европа
Herpa,Европа
Revell,Европа
Italeri,Европа
Tamiya,Остальное
Русский размер,Россия
Технопарк,Россия
Город мастеров,Россия
Степ Пазл,Россия
Bond,Остальное
Majorette,Европа
Dickie Toys,Европа
Dickie,Европа
Spielzeug,Европа
Joy Toy,Остальное
Kinsmart,Остальное
Step Puzzle,Россия
Educa,Европа
Heye,Европа
Schmidt,Европа
Gibsons,Европа
Buffalo Games,США
White Mountain,США
Springbok,США
EuroGraphics,Европа
Castorland,Европа
Trefl,Европа
D-Toys,Европа
Anatolian,Остальное
Piatnik,Европа
Falcon,Европа
Jumbo,Европа
Janod,Европа
Larsen,Европа
МОЗАИКА,Россия
ГЕОДОМ,Россия
Простые правила,Россия
Банда умников,Россия
Стиль жизни,Россия
Ty,США
Steiff,Европа
Aurora,США
Gund,США
Jellycat,Европа
Manhattan Toy,США
Douglas,США
Kosen,Остальное
Baba,Россия
Nici,Европа
Hansa,Остальное
Silly Symphonies,США
Disney Store,США
Build-A-Bear,США
Wild Republic,США
ZAZU,Европа
Kursten,Европа
Фабрика Ангелов,Россия
VINCI,США
Aurora World,Остальное
Cuddle Barn,США
Keel Toys,Европа
Pluffle,Остальное
Squishmallows,США
Эксмо,Россия
АСТ,Россия
Азбука,Россия
Манн,Россия
Иванов и Фербер,Россия
Росмэн,Россия
Clever,Россия
Питер,Россия
Дрофа,Россия
Вентана-Граф,Россия
Просвещение,Россия
Речь,Россия
Махаон,Россия
Белая ворона,Россия
Самокат,Россия
КомпасГид,Россия
Рip,Россия
Амфора,Россия
Астрель,Россия
Альпина Паблишер,Россия
Corpus,Россия
Фолио,Россия
КМК,Россия
Вече,Россия
Олма,Россия
Лабиринт,Россия
Бомбора,Россия
Popcorn Books,Россия
Феникс,Россия
T8,Россия
RUGRAM,Россия
Аякс-Пресс,Россия
Академия,Россия
Юрайт,Россия
КноРус,Россия
Форум,Россия
Инфра-М,Россия
Cambridge,Европа
Penguin,Европа
Macmillan,Европа
HarperCollins,США
Scholastic,США
Usborne,Европа
Ladybird,Европа
Dorling Kindersley,Европа
Vogue,США
Elle,Европа
Harper's Bazaar,США
Forbes,США
Cosmopolitan,США
Glamour,США
Marie Claire,Европа
National Geographic,США
Esquire,США
GQ,США
Playboy,США
Maxim,США
ТВ-парк,Россия
7 дней,Россия
Лиза,Россия
Домашний очаг,Россия
Караван историй,Россия
Отдохни!,Россия
СтарХит,Россия
Телесемь,Россия
За Рулем,Россия
Мир фантастики,Россия
Наука и техника,Россия
Популярная механика,США
Psychologies,Европа
Men's Health,США
Women's Health,США
Forbes Life,США
Деньги,Россия
Коммерсант Власть,Россия
Огонёк,Россия
Русский репортер,Россия
Brauberg,Россия
Erich Krause,Россия
Hatber,Россия
Ситилайн,Россия
Гознак,Россия
Апплика,Россия
Colorplay,Россия
Maped,Европа
Stabilo,Европа
Faber-Castell,Европа
Pilot,Остальное
Parker,США
Waterman,США
Sheaffer,США
Pentel,Остальное
Uni-ball,Остальное
Zebra,Остальное
Caran d'Ache,Европа
Koh-i-Noor,Европа
Советская коллекция,Россия
Луч,Россия
Хобби-лайн,Россия
Альт,Россия
Би Джи,Россия
Colorino,Россия
Лама,Россия
Айси,Россия
Импи,Россия
Bic,Европа
Paper Mate,США
Schneider,Европа
Pelikan,Европа
Lamy,Европа
Cross,США
Montegrappa,Европа
Visconti,Европа
Роллер,Россия
Союз,Россия
Канцбюро,Россия
Бумкласса,Россия
Спектр,Россия
Васильевская фабрика,Россия
Еж-Престиж,Россия
Офисная классика,Россия
Полиграфия,Россия
Тетрадный цех,Россия
Moleskine,Европа
Leuchtturm1917,Европа
Rhodia,Европа
Clairefontaine,Европа
Fabriano,Европа
Canson,Европа
Daler-Rowney,Европа
Strathmore,США
Hahnemühle,Европа
Arches,Европа
Мольберт,Россия
Гамма,Россия
Художник,Россия
Stillman & Birk,Европа
Seawhite,Европа
Van Gogh,Европа
Rembrandt,Европа
Невская палитра,Россия
Jovi,Европа
Малевичъ,Россия
Сонет,Россия
Аква-Колор,Россия
Дело,Россия
Winsor & Newton,Европа
Schmincke,Европа
Daniel Smith,США
Maimeri,Европа
Old Holland,Европа
Lukas,Европа
Sennelier,Европа
Royal Talens,Европа
Amsterdam,Европа
Turner,Остальное
ShinHan,Остальное
Maries,Остальное
Da Vinci,Европа
